"","Cha_EAP","CoS_EAP","DaD_EAP","SE_Cha","SE_CoS","SE_DaD","raw.Cha","raw.CoS","raw.DaD","max.Cha","max.CoS","max.DaD"
"101",-1.27550455021344,-2.49846816130508,-0.760277645691093,0.64227523880302,0.553792498454445,0.326516034476399,2,2,3,8,20,12
"102",-1.73625850277053,-1.32228257274061,-0.721001298595444,0.659868671680535,0.441071597035959,0.332391154751058,0,8,0,8,20,6
"103",-2.22423155454848,-3.69112566043336,-1.30233056463252,0.712840126204687,0.745800309985184,0.329820748220123,1,0,2,8,20,24
"104",-1.19950552962349,-1.32963419103568,-0.399388807388428,0.629497295411856,0.439360664260608,0.325367145278803,1,7,4,8,20,10
"105",-0.966272557974187,-1.53019497487447,-0.541053791676079,0.609152024484694,0.443022458256891,0.27809244593652,2,6,4,8,20,18
"106",0.36963755416032,-1.02342784564442,-0.455905685693099,0.549111171268913,0.430550362290146,0.303135420848553,6,8,1,8,20,14
"107",-1.46001204034629,-2.00172571890606,-0.626512637269942,0.647996216573528,0.48957125674435,0.329095758113535,1,4,2,8,20,6
"108",-1.28861773352188,-2.51102484252381,-0.780063984595811,0.644642063142663,0.557229671193449,0.33348721616523,2,2,2,8,20,10
"109",-0.622515011544606,-1.64691392603838,-0.461582838431513,0.595601452952349,0.453847911357431,0.314032484629902,3,5,4,8,20,12
"110",-2.3224878308226,-3.1234009657697,-1.01217413910456,0.713818453736402,0.66283805950307,0.349477626772277,0,1,3,8,20,12
"111",0.44762563201458,0.876497877684918,0.342515811405618,0.556127410747428,0.540996602714951,0.326550792945842,4,16,7,8,20,12
"112",0.634215282403611,0.606500615331789,0.229835066188235,0.55395478279972,0.517494304279582,0.322761566813179,5,15,6,8,20,12
"113",0.370104070638767,-1.63277656420769,-0.212183869392887,0.554222267529514,0.454578917610128,0.334006791184234,6,4,3,8,20,6
"114",-1.77627183174916,-2.90911987467535,-0.839091219773719,0.68317361789726,0.628416891556717,0.357298294483919,1,1,2,8,20,6
"115",-0.790027325256221,-0.651104336954103,-0.529925727972505,0.601112511429683,0.437682829204487,0.292256190598916,2,11,1,8,20,14
"116",0.222934737157567,0.247586157565615,0.0413990961301235,0.553608543312028,0.485555126702868,0.292116401114244,4,14,5,8,20,12
"117",0.892005326140017,0.818401834481152,0.0984596450187363,0.553791411566016,0.528210067917795,0.279723459492772,6,16,4,8,20,14
"118",-0.169165949068576,-0.0542525430921266,-0.0873506597005416,0.573082984769832,0.47033032378912,0.322758684754572,3,13,2,8,20,6
"119",0.92613756996986,0.274072251973349,0.396817482123015,0.56088873942561,0.494254020130233,0.338174733990252,6,13,5,8,20,6
"120",0.615731929244309,0.212224128891223,0.340891019625134,0.554925344917118,0.489981932770585,0.340337975623314,5,13,5,8,20,6
"121",0.655742416455353,0.629743114790166,0.273819663136386,0.55299511069272,0.51780189709777,0.314898742203939,5,15,7,8,20,14
"122",-0.924412327589904,-0.692413714966538,-0.108937520667389,0.607904508419194,0.43566085291205,0.284500364892614,1,10,8,8,20,16
"123",0.724012256035384,1.12866935161871,0.243441436392191,0.56069420038874,0.569551739981612,0.343217965337973,5,17,2,8,20,6
"124",1.96729231886491,2.93829421881257,0.945435039139505,0.667623835118197,0.815884672219363,0.378569618120191,7,20,4,8,20,6
"125",-0.0280213653926441,1.35309356420409,0.364103790722026,0.573299550398628,0.588949629631996,0.327819248252821,2,18,6,8,20,10
"126",0.530509491863794,1.1945900965651,0.420662635279341,0.559627634446653,0.57525351720195,0.341935411840843,4,17,4,8,20,6
"127",-0.123543080352988,0.341501216635008,-0.139015850869714,0.570421978641974,0.49508891067295,0.311002102473362,3,15,2,8,20,10
"128",1.0486143390209,0.786980366353979,0.487911538935839,0.563141041990925,0.529724823483307,0.307809071433045,6,15,8,8,20,12
"129",0.433911419280312,-0.136060670848693,0.0296140829833481,0.539734862837052,0.45296884610672,0.216521308811832,5,12,10,8,20,24
"130",-0.144749506326973,-0.0333571596725505,-0.0401703747062343,0.567449858877766,0.467367730377807,0.291551363875329,3,13,5,8,20,12
"131",0.0383078215072928,0.248821302893064,-0.402635395250842,0.561072808937178,0.487135918554842,0.300432314051985,4,15,3,8,20,24
"132",-0.0595705815854799,-0.812805837708102,-0.211541469791351,0.567785881642572,0.437418695617346,0.333638637785967,4,9,2,8,20,6
"133",-0.223164976810897,-0.428635835456302,-0.0648561454661722,0.565072339558902,0.440812912915545,0.248639178258571,3,11,7,8,20,18
"134",0.393726108615839,-0.33610457711179,0.00996185733887437,0.539471571542362,0.441756408833667,0.211466974110104,5,11,10,8,20,24
"135",1.2099856548527,0.68480048770531,0.226771568226544,0.576590171501076,0.52830748895818,0.340278092207371,7,15,2,8,20,6
"136",0.288551746416754,-0.266206599171426,-0.274486460749495,0.554902901754853,0.457693219680294,0.325513717327475,5,12,2,8,20,12
"137",-2.21202652717538,-2.76513754318391,-0.970371100859894,0.705067904625662,0.606480157096393,0.360054492322237,0,2,1,8,20,6
"138",-1.6655430223952,-1.42967027644332,-0.551283882255528,0.654947219986382,0.444795000460844,0.326359802239384,0,7,2,8,20,6
"139",-1.60661479702615,-1.09116519417571,-0.579415747359916,0.647559278387628,0.433416115442907,0.307191244256747,0,9,2,8,20,10
"140",-2.35804120995612,-2.90160005705714,-1.16056647471326,0.705485693793449,0.619417923365021,0.32767938201075,0,2,1,8,20,18
"141",-1.73956308272873,-1.79898147262481,-0.537417933209568,0.661190306019775,0.470025072628448,0.3296870823642,0,5,3,8,20,6
"142",0.198224192993404,1.55698837312458,0.141928274108307,0.55728007747792,0.598821409824941,0.274046208303871,3,19,9,8,20,24
"143",-0.4406338271224,-1.20096488780796,-0.243779017243675,0.588046875514287,0.436057824060319,0.33671172335182,3,7,3,8,20,6
"144",0.477442842774436,0.703322018841461,0.484574140482702,0.545709959550688,0.513369309039542,0.257616306186639,4,15,15,8,20,24
"145",-0.205335583283119,1.13762511874902,0.0356433953590164,0.571497000273048,0.555470400418921,0.269040986639988,2,18,4,8,20,14
"146",1.11546884499518,2.17133372583246,0.772834733711357,0.584625583884785,0.696160671171055,0.354525308763419,5,19,5,8,20,6
"147",0.777397953179066,0.307589190894824,0.0217118530605385,0.546597827501419,0.485329313984492,0.260518165574178,6,14,4,8,20,14
"148",0.361732149131909,0.986353926841675,0.0866366564970698,0.547090005722604,0.537172629919254,0.24644693608657,4,17,9,8,20,24
"149",0.272543177888777,1.66235401114692,0.282218228817542,0.567907740389262,0.62957407771672,0.349011996459288,3,19,2,8,20,6
"150",0.272224368578687,0.678060154895053,-0.00970501225775067,0.550613406620102,0.513911308517091,0.268143496688788,4,16,5,8,20,16
"151",0.85525885315157,1.16208645470891,0.551454489106506,0.564243881190173,0.599460705496492,0.336210514032483,5,15,5,8,18,6
"152",0.277970924840867,0.488236569916535,0.0790914124911691,0.546575158183348,0.496098368393378,0.240978928257946,4,15,10,8,20,24
"153",0.530509491863794,1.1945900965651,0.420662635279341,0.559627634446654,0.57525351720195,0.341935411840843,4,17,4,8,20,6
"154",0.0617405042378261,0.722913745053616,0.144804560596344,0.559251106381193,0.520710918501461,0.281764747371098,3,16,8,8,20,18
"155",0.987945147187708,1.14556471613205,0.199643331209953,0.562896287135008,0.564158380277658,0.309006102438905,6,17,6,8,20,16
"156",0.530509491863794,1.1945900965651,0.420662635279341,0.559627634446653,0.57525351720195,0.341935411840843,4,17,4,8,20,6
"157",-1.30777005938,-1.25126586490072,-0.639271401766749,0.631390361287777,0.434323680753189,0.302271808524596,1,8,2,8,20,12
"158",0.174955918884749,-0.308759605212725,0.145788958227801,0.553242147314615,0.451368020798632,0.290076838238306,4,11,8,8,20,14
"159",-0.816214418705924,-0.971410615653414,-0.456224656951218,0.605650111240827,0.433754512687194,0.313940962406767,2,9,3,8,20,12
"160",0.696317636034314,-0.12047526919952,-0.00784615254808488,0.544525790456103,0.458459121702038,0.263330550010693,6,12,6,8,20,16
"161",-0.804577968086379,-1.11209516233199,-0.375488849404425,0.608993453581691,0.435803616785238,0.337378902930114,2,8,2,8,20,6
"162",1.10770192766107,1.06495156829955,0.51951580895091,0.557604273857193,0.541842155836907,0.240777228740472,6,16,14,8,20,24
"163",-0.197891810988425,-0.246207124677825,-0.0780884152458022,0.570161102059678,0.455639335360142,0.295887969944406,3,12,5,8,20,12
"164",0.314785483700302,0.339879652139335,0.229093779447756,0.555653164643988,0.496719494091039,0.322525216607124,4,14,6,8,20,10
"165",-0.525628597424107,-0.912297688190524,0.133847822852436,0.583421332087987,0.430071617220764,0.275743641871698,2,8,12,8,20,18
"166",-0.169165949068577,-0.0542525430921267,-0.0873506597005416,0.573082984769832,0.47033032378912,0.322758684754572,3,13,2,8,20,6
"167",0.982234519470063,0.517731531517551,0.435896462296008,0.560263428785708,0.508674895118708,0.314881344796931,6,14,8,8,20,12
"168",0.745067307965622,0.096272416289523,0.0264633866315095,0.540748260947502,0.466298005220136,0.216435494287059,6,13,9,8,20,24
"169",-0.456859756632544,0.279294397117581,-0.18704469753765,0.589123757826719,0.492376223564364,0.318258777487383,2,15,3,8,20,12
"170",1.28347612670167,2.32162255206896,0.425240732837471,0.586106460213183,0.695849025593953,0.311066164368449,6,20,6,8,20,16
"171",1.32019538851919,2.0877107217262,0.600101823331308,0.594663144548211,0.682956351601988,0.346226839464673,6,19,3,8,20,6
"172",1.39562726251219,0.880251864721551,0.572551567317671,0.587996342477122,0.544380157747559,0.331745790780214,7,15,5,8,20,6
"173",0.293294607432662,1.44090979935263,0.420227498978396,0.56126476126039,0.595980754110997,0.321972313440698,3,18,7,8,20,12
"174",-0.829985397980756,-0.312013697165689,-0.0684806164039529,0.596489706675532,0.446224953328015,0.235384203895231,1,12,10,8,20,24
"175",0.551583367524428,1.45564793985102,0.369007088524722,0.558664777859001,0.599018574614814,0.327542349027796,4,18,5,8,20,10
"176",0.32627669456596,0.737806723244819,0.0986904451005689,0.550958342998048,0.521153828968785,0.27938289360879,4,16,5,8,20,14
"177",-1.57826999160891,-1.22239531308307,-0.475648396894995,0.645190612952754,0.434064526730292,0.30331131716264,0,8,4,8,20,14
"178",-2.04556315087954,-2.20010402778113,-0.914138944324022,0.680627797400798,0.514704030082225,0.33024203228333,0,4,2,8,20,18
"179",-0.115784210277005,-0.857200289766141,-0.325036618631274,0.570926098560776,0.437235211446571,0.338080062973215,4,9,1,8,20,6
"180",-1.61031834641672,-1.24279385885994,-0.526426342665026,0.644819734743166,0.433242878901713,0.292042672374186,0,8,5,8,20,16
"181",-0.35171444492631,-0.835446634066608,-0.192226221782268,0.580133025320242,0.435348752291722,0.316228459609927,3,9,5,8,20,12
"182",0.0430230300910921,-0.421464809810684,-0.124859817098437,0.562676708977656,0.449505489008288,0.324729385861782,4,11,2,8,20,6
"183",1.21147147947418,0.686215682691481,0.230266585136445,0.574000217637944,0.525300687085831,0.324184587926327,7,15,4,8,20,10
"184",0.258914641274278,0.283937745718368,0.114994676264923,0.557458571186111,0.493365492470272,0.326396188009476,4,14,3,8,20,6
"185",0.996081359064095,1.98874129751689,0.565517476521763,0.558765521683843,0.637708141565359,0.250032511114062,5,19,10,8,20,18
"186",1.69128875973639,0.899977603512923,0.524680130376862,0.611223901050329,0.548071575701065,0.335623331070554,8,15,4,8,20,6
"187",1.27227459189074,0.750109259219449,0.344421570205537,0.581080391396952,0.534532264200477,0.343825687923401,7,15,3,8,20,6
"188",-0.869354493311215,-1.00852822684449,-0.550301901795816,0.610295194121522,0.43454260169317,0.322730427761318,2,9,0,8,20,6
"189",0.489009508712947,1.14211932756873,0.339050919499049,0.555277862186956,0.56360871928504,0.315373532591607,4,17,7,8,20,14
"190",-0.228065040425932,-0.431372248612931,-0.0730301601036907,0.574626636091951,0.448796008794036,0.319851749293758,3,11,3,8,20,6
"191",-0.09996631901768,0.364782784307252,-0.0930281720971636,0.571531063678743,0.499301152718839,0.325518177673927,3,15,1,8,20,6
"192",1.4830607792492,1.19382754904544,0.640971210733382,0.597257539466404,0.576867645353135,0.335941196628434,7,16,5,8,20,6
"193",0.380202229816773,-0.184192934678592,-0.0827862791363668,0.549509608943201,0.458731916965045,0.297642197741919,5,12,3,8,20,10
"194",-0.441033886602122,-0.225867622241353,0.0470166362732567,0.582385450363619,0.456950744266743,0.292094449454096,2,12,7,8,20,12
"195",1.01449363488574,0.958151655223919,0.337989193158987,0.563748876986725,0.54674500096883,0.316312221485544,6,16,8,8,20,16
"196",0.912191303604901,1.27838301223718,-0.0341275761917749,0.54913916860133,0.559116095052577,0.225875294261672,6,18,5,8,20,24
"197",0.627350310285558,1.23171699339285,-0.0349676917708538,0.546192772097942,0.558347252246986,0.246888751613675,5,18,3,8,20,18
"198",0.667155258777317,1.36810137826146,0.688672496301892,0.55582562913536,0.586212372297827,0.308096840857723,4,17,10,8,20,12
"199",0.322685237173952,0.537369936457389,0.170200111554878,0.557927025231206,0.514014351148539,0.333712862249553,4,15,3,8,20,6
"200",1.55718283733999,2.43631365703656,0.983789751729858,0.621247356993499,0.73876132353677,0.368007676382976,6,19,6,8,20,6
"201",0.362777134419737,1.53444391255519,0.553170084354742,0.562947268377993,0.611062102977753,0.337148972410165,3,18,5,8,20,6
"202",1.08377494288076,1.75170973745661,0.187256822970988,0.569091607678537,0.62655766840979,0.297432107441242,6,19,5,8,20,18
"203",-0.931960368049341,-1.82888948502596,-0.351789132174011,0.614304397240528,0.468440104259796,0.314104992645226,2,4,7,8,20,18
"204",-0.0122935741073317,0.920549414107727,0.569727068189498,0.555201795865793,0.526086681275188,0.216620553728749,2,16,17,8,20,24
"205",-0.337264590496138,-0.672563655164205,-0.223892044872055,0.582343061776325,0.441351272417311,0.335395663120566,3,10,2,8,20,6
"206",0.82073049928661,1.02497821045073,0.52203890509131,0.560418526158987,0.556688040430177,0.33333694996312,5,16,5,8,20,6
"207",0.000802748357466588,0.65749313649535,0.025876325566702,0.55999324129308,0.513045863502585,0.269499615803363,3,16,6,8,20,16
"208",0.0477620374082508,-0.878496265535809,0.0659693349425089,0.552015729720701,0.427393855609945,0.247498843053043,4,8,10,8,20,18
"209",0.453227154889504,0.48134739934665,0.512817972022332,0.544704497605933,0.495935234726971,0.252514780867536,4,14,14,8,20,20
"210",0.960783382150661,0.89717476443721,0.23238507076945,0.565617904444271,0.546975421516187,0.341348942116831,6,16,2,8,20,6
"211",-0.0172555598395103,0.259893891846175,0.141009240992032,0.560561415892022,0.485152738678184,0.279410278659203,3,14,9,8,20,18
"212",-0.497248238515177,-0.106185242152396,-0.123642539037494,0.585777418949494,0.46310209470556,0.289248139678959,2,13,6,8,20,16
"213",1.5585849666161,1.77138666660235,0.574339699274193,0.608956455757764,0.644224041756194,0.343302830282531,7,18,3,8,20,6
"214",1.48728261701278,1.68045215381107,0.455472884597175,0.603102086774948,0.633524725200566,0.347140022700625,7,18,2,8,20,6
"215",-1.3152262088493,-1.4075768678014,-0.590616811117138,0.635961982670376,0.442835653896684,0.323812620689821,1,7,1,8,20,6
"216",0.868734645606375,0.21746522142526,0.280099302960059,0.55699803525111,0.488236511283738,0.325319758873034,6,13,7,8,20,12
"217",0.238921118670331,0.641667450475375,-0.0764242461204624,0.549933710268188,0.508738594313313,0.256277718875326,4,16,4,8,20,18
"218",0.837032704187921,0.83009195685689,0.640530847976408,0.54742150681965,0.522677947041979,0.241438039609738,5,15,14,8,20,18
"219",-0.09059559126187,0.190560269757618,-0.00311522324132522,0.56559895492506,0.481905661519122,0.292450653345193,3,14,4,8,20,10
"220",0.122314344404713,0.397835309411961,0.419321732326824,0.558654163377234,0.497204353326259,0.301139931542583,3,14,10,8,20,14
"221",1.09803126234658,1.27994694996936,0.408504952569616,0.570401974320472,0.579948972815863,0.323001224382997,6,17,6,8,20,12
"222",0.509196236483368,0.948557770827747,0.465753622880415,0.557560200427749,0.549777714292244,0.336570795586276,4,16,5,8,20,6
"223",0.134287046001659,0.224758223851178,0.515614933996996,0.55014201044096,0.476672451640429,0.239845084367387,3,13,17,8,20,24
"224",0.184663359353348,0.859586690815054,0.386621071821071,0.559532507786929,0.536117642769403,0.309995987646877,3,16,10,8,20,16
"225",0.612711588716975,0.208992023968796,0.334783951752933,0.552596289142639,0.487241150778574,0.32483117107665,5,13,8,8,20,12
"226",0.465549809753375,0.89677821584905,0.378610403484312,0.553541950653732,0.539229510330249,0.310169531150307,4,16,8,8,20,14
"227",0.0587626316378157,0.719978939894195,0.139102492247242,0.560666497474083,0.521994923522007,0.291103725753064,3,16,6,8,20,14
"228",-0.648163308718649,-0.228285337700745,-0.399696622227407,0.595252240196418,0.458269590955235,0.300980623051706,2,13,5,8,20,24
"229",-0.20651748587478,-0.414351092767799,-0.0313584124715658,0.569480408646712,0.446153517437953,0.291052551778525,3,11,5,8,20,10
"230",-0.632960529807807,-0.215319141104538,-0.371131261491079,0.600717611984793,0.463964291825494,0.3386721190785,2,13,0,8,20,6
"231",-0.476963637161027,-0.0890700612982481,-0.0858259562809628,0.585986940763174,0.46539819319897,0.298607992616249,2,13,5,8,20,12
"232",-0.45363216593018,-0.398266990619306,0.0862156814447165,0.576063541674136,0.442355540451721,0.243473676614018,2,11,13,8,20,24
"233",0.646015047945863,-0.1665652075975,-0.113646233474378,0.545994212681081,0.457605242053395,0.28148572997336,6,12,3,8,20,14
"234",-0.300635221551862,-0.644541209855025,-0.153462704293344,0.576602219836862,0.43890084533684,0.309378144378796,3,10,5,8,20,12
"235",1.72650358078983,1.89005176247233,0.204513104351469,0.615639838085009,0.647366544455828,0.302693254470205,8,19,4,8,20,18
"236",0.0542086950568637,0.331049545820477,0.283801784882435,0.566842533975248,0.49933402904837,0.341212789749519,3,14,5,8,20,6
"237",0.667155258777317,1.36810137826146,0.688672496301892,0.55582562913536,0.586212372297827,0.308096840857723,4,17,10,8,20,12
"238",1.08490451065865,1.75312176697829,0.189549209726311,0.568172566474769,0.625104222986977,0.29127096994667,6,19,8,8,20,24
"239",0.929480339556147,1.38618143841769,0.643276324581021,0.56110978245418,0.587067681176753,0.303132672216419,5,17,8,8,20,10
"240",0.961017092953219,1.11290475377468,0.14811417644774,0.559636553923889,0.558147642792876,0.294845821031841,6,17,4,8,20,14
"241",1.20238180190747,1.17649010889306,0.695415906588345,0.56976131467384,0.562501955169835,0.282857548992328,6,16,11,8,20,14
"242",0.514755180061446,0.112635280533228,0.13085150329083,0.549788032352701,0.478240966049365,0.305502736102499,5,13,6,8,20,12
"243",0.113483884285971,1.21060580780159,0.0751266019448107,0.55874164088089,0.563595687658086,0.276292880734766,3,18,4,8,20,14
"244",0.837622899712158,1.26841584839716,0.467656701152512,0.553352168483057,0.567295752826495,0.277656762947792,5,17,10,8,20,18
"245",1.09789823079271,1.27978288180561,0.408260154966252,0.570384467897103,0.579910982515045,0.322973359104057,6,17,5,8,20,10
"246",0.430699130983139,0.653287895635548,0.389428683854488,0.55463104448382,0.520527966586024,0.321627943450092,4,15,8,8,20,12
"247",1.64372865774522,2.88870123246527,0.986758024623421,0.63598304194725,0.803176707494309,0.375448183542805,6,20,5,8,20,6
"248",1.10010234212927,2.44098248198704,0.631927578701498,0.572505062446513,0.702465980674507,0.28484408390852,5,20,9,8,20,16
"249",1.41316123117363,2.22243311374163,0.756129852366535,0.599009352166523,0.694539828981139,0.32773793803772,6,19,8,8,20,12
"250",0.439080278400014,1.08071661868458,0.240100840342245,0.554166068171528,0.556490355140608,0.306181913085412,4,17,8,8,20,18
"251",0.8090196444549,1.46957553136052,0.31661857244972,0.562142905534652,0.601900309607183,0.330453407784163,5,18,4,8,20,10
"252",1.38485450039842,2.47930899997362,0.58894547041308,0.604563618442779,0.736285695341307,0.352996738497184,6,20,2,8,20,6
"253",0.567528696079095,1.2384579385755,0.494772973460002,0.546802663364098,0.559434384057571,0.253978736516912,4,17,14,8,20,24
"254",0.463704355225429,0.0627467145400445,0.0244876659425052,0.544331940732789,0.468904951008689,0.259468294216369,5,13,5,8,20,14
"255",-0.228065040425932,-0.431372248612931,-0.0730301601036906,0.574626636091951,0.448796008794036,0.319851749293758,3,11,3,8,20,6
"256",0.650226899575142,-0.730511838095618,-0.47890632356472,0.519527178101449,0.491675514391973,0.252357530768973,18,7,8,18,15,33
"257",-1.65352785954827,-0.180835045869418,-0.126243689750355,0.457530809924247,0.52013964425396,0.249305619697982,0,10,13,18,15,27
"258",-0.236159827528581,-1.99488470121208,-0.058361606665475,0.362341845580725,0.516127333491211,0.192208360649392,13,1,16,18,15,27
"259",-0.0830929616365591,-2.01043115259877,-0.634742473155151,0.378534792657511,0.516328744213516,0.179104730547638,15,2,8,18,15,39
"260",-1.38914529956213,-1.04229647144593,-0.101071951968826,0.393015265432336,0.476701456356172,0.228428293483346,2,6,17,18,15,33
"261",-1.11041782182319,-1.22818839194859,-0.618712956669018,0.351314585229329,0.472304789222539,0.191157028370864,5,6,7,18,15,29
"262",-1.70553023382126,-3.25863904259143,-1.11174389967495,0.473751881087871,0.687874960030274,0.263586914126764,3,0,7,18,15,45
"263",-2.00349921733589,-3.02140644911954,-0.718615814691859,0.536999032367805,0.664725773290708,0.257093201259847,1,0,10,18,15,31
"264",-2.0010147874125,-2.399253505599,-0.278037822259666,0.536296668909563,0.586739012121854,0.301373606532575,0,1,18,18,15,33
"265",-1.67880317897616,-3.19913231371099,-1.04287809213424,0.47011778218153,0.688809606162481,0.292644374348442,3,0,7,18,15,37
"266",-1.53403309358311,-0.847965294134487,-0.107710877904352,0.428093087232197,0.48190626299098,0.232638584715676,1,7,18,18,15,37
"267",0.0695064760581058,-1.98034980471633,-0.618752777972448,0.399692887570709,0.516186724003024,0.200512338731946,16,2,6,18,15,27
"268",-1.52534397401947,-3.24772956595459,-1.15293877230768,0.430608258067243,0.679965881525106,0.247913814013956,4,0,6,18,15,45
"269",-0.461960025372606,-2.31694039451375,-0.596530567866136,0.317065186529292,0.546882463908803,0.181956541819845,12,1,10,18,15,33
"270",-1.4498791799484,-2.77200325588953,-1.03164322890786,0.41325888379452,0.62643960064865,0.292041009700542,4,1,6,18,15,37
"271",-0.180883960611052,-2.73298339714955,-0.843305712048788,0.373976280676123,0.62472002300776,0.304205261075815,15,0,4,18,15,27
"272",0.577131862390206,0.843665257396353,0.0561941718282348,0.503378241774373,0.582610364918589,0.182293119528944,16,12,17,18,15,35
"273",-1.44267266786458,-0.577761209468563,-0.52503149958511,0.404349392732939,0.490230333475632,0.209149990422527,2,9,13,18,15,45
"274",-0.51018740643737,-2.49668413178079,-0.879658335100751,0.309836544110479,0.589580606408259,0.305170596301011,12,1,6,18,15,37
"275",0.554426021222306,1.41995924363339,0.433274155765432,0.5056738999203,0.633547319819521,0.270941589322098,15,13,24,18,15,39
"276",1.79758670288115,1.97988937227749,0.831140846465388,0.693556137506466,0.703550646081581,0.306492206265131,18,13,23,18,15,27
"277",-0.310926306695614,0.338434864990781,-0.0339551458338796,0.351462117502041,0.546319848934873,0.197708156457604,11,11,12,18,15,23
"278",0.25503468296097,-0.732896200179227,-0.369270618434284,0.441412538821992,0.494823148034619,0.296370304311024,16,7,8,18,15,27
"279",-0.832618933439679,-0.387276967460982,-0.00786092861059623,0.334082819188624,0.707480153112819,0.199609836556571,6,2,15,18,5,23
"280",-0.564907668317533,-0.0664291455130467,-0.217450703277908,0.299624315276409,0.529905155490555,0.289851848079576,9,10,12,18,15,33
"281",-1.36370843886535,-0.0150468801286718,-0.385367402119344,0.390821895525584,0.537414058941013,0.291696302654333,2,11,10,18,15,31
"282",0.224513559361115,-0.32061922672059,0.0414631621185584,0.428407117508755,0.502363822092096,0.175355259070091,15,8,16,18,15,27
"283",0.633484127499217,-0.289317277590138,-0.012748199844749,0.508489302595373,0.503677953918151,0.153319449125225,17,8,13,18,15,27
"284",-1.15738600316771,-0.0427020761137022,0.00656896304874214,0.352145155525317,0.513615917114865,0.116483291042575,3,10,19,18,15,35
"285",0.558528558586571,0.815180612405707,0.01698597835985,0.496791287568662,0.574812200671575,0.145266849297744,16,12,15,18,15,33
"286",-1.36852610128625,-0.886088996193585,-0.7447763173562,0.390071198995319,0.483725092624852,0.265403190017923,3,8,5,18,15,33
"287",-1.27792527467866,-0.896367200862827,-0.295323927844972,0.373188292292051,0.487656840025205,0.301232863325223,3,7,15,18,15,37
"288",-1.53707962033269,-2.36929033055516,-0.864099657598414,0.435223844304521,0.579497989487589,0.307771205601244,3,2,5,18,15,27
"289",-1.23537937287855,-0.42680270823049,-0.259794366442489,0.366837122230068,0.508837446893879,0.300064486452791,3,9,10,18,15,25
"290",-0.675773675521052,0.588333688628911,0.00622160370016576,0.299644310320911,0.552783157757866,0.116919276318302,7,12,17,18,15,35
"291",-0.675712925380013,-0.559815437477753,-0.210265187250663,0.303166617250856,0.497815251811594,0.288405498799358,8,8,11,18,15,27
"292",1.06155985545743,1.17775636093446,0.428052947715805,0.593753186162489,0.626515932493855,0.281804569357255,17,12,18,18,15,27
"293",-0.0232722050850753,0.19980814946189,0.129968972019956,0.38953455686368,0.546530428040842,0.24876592839472,13,10,21,18,15,35
"294",1.8011825075965,3.05347408978001,1.09097663784726,0.69082137141869,0.780550337727321,0.275137071472175,17,15,33,18,15,39
"295",-0.0744149454103419,-0.128449956048408,0.0212745954980494,0.37857029033672,0.510032584979977,0.135009507179816,13,9,20,18,15,37
"296",0.530921461600196,0.527525575663801,0.0485190545547692,0.49398753452589,0.562710616701949,0.185212784411889,16,11,14,18,15,27
"297",1.22102532921811,1.6593500961391,0.577540175715761,0.604602518816246,0.637387780312064,0.193237077522715,17,13,23,18,15,33
"298",0.271711880405169,0.184582666169194,0.0183681883092005,0.437965753364587,0.534232984669973,0.15595051229862,15,10,14,18,15,27
"299",1.04545796677453,0.900516196372885,0.507967101108336,0.583191675606872,0.596726374775688,0.234001833047103,17,11,23,18,15,33
"300",1.01126787070554,1.11167803849987,0.341942698463494,0.590214481378583,0.628108682995742,0.301788852544995,17,12,17,18,15,27
"301",-0.45534050829735,-2.63401183227174,-1.11557053650935,0.322123750326319,0.604024004016019,0.290671337253697,13,1,0,18,15,17
"302",-0.89987956439062,0.826178790371205,0.45836402365924,0.343846777388979,0.587147222767482,0.261595300513786,4,12,25,18,15,33
"303",-0.177079030679485,0.373604186693433,-0.0096977509016892,0.368744137709671,0.543767880386096,0.149750457593111,12,11,13,18,15,27
"304",1.23189916744513,1.39589686069227,0.70034855406124,0.616122136655191,0.637482097966587,0.250924277309055,17,12,23,18,15,27
"305",1.51280533232901,1.64060942475991,0.4629425159228,0.650354066826493,0.657932788860817,0.269478378113946,18,13,17,18,15,27
"306",-1.10008956778371,0.564740858077574,0.0878533372058205,0.352325233305467,0.564739525525694,0.215240142605382,3,12,21,18,15,35
"307",-1.21875427320469,-0.390387434088091,-0.186304868800556,0.363628792040941,0.507657237782029,0.278332791750298,3,9,15,18,15,39
"308",0.505495738099431,0.489618447438784,-0.00706305227989232,0.484052261860062,0.550537468803424,0.110590527043635,16,11,16,18,15,39
"309",-0.65517668602125,-1.12593524234686,-0.512171058987965,0.298393703723266,0.474876731735259,0.234357675128855,9,6,8,18,15,27
"310",0.11449337874819,0.189529773162068,0.0722637810925775,0.408699733653673,0.539730961231706,0.202558620964905,14,10,19,18,15,33
"311",-1.28627702172306,-0.913084701433629,-0.331635119430063,0.374527784999493,0.487132396056838,0.300045820546695,3,7,13,18,15,35
"312",0.0503241996676701,-1.742783305709,-0.11919921935571,0.397972450876747,0.501837523371229,0.242583182087916,15,2,15,18,15,31
"313",-0.281962090409757,-0.702276386796658,-0.141547431817529,0.35698199686281,0.488114695067786,0.257075002675218,12,7,13,18,15,31
"314",0.155535792954917,0.997844201355076,-0.0783638338536555,0.417102278273356,0.591280111739257,0.213197456349206,14,13,9,18,15,27
"315",-0.875400837799554,-1.57449224277042,-0.481904010742622,0.339690005873757,0.489542970572117,0.250167835974898,7,4,11,18,15,31
"316",1.98528664955909,2.51348766445037,0.932804849597933,0.718794768346228,0.758460371134068,0.322704808500347,18,14,23,18,15,27
"317",1.58248550619221,1.44631557703464,0.671612906662062,0.648994943333935,0.633359679181109,0.212346960191049,18,12,27,18,15,35
"318",1.44276728478278,1.28402618029177,0.475127507948845,0.639650378335299,0.631451107108354,0.262931254738396,18,12,18,18,15,27
"319",1.25163449117396,1.70000753190666,0.625659846159425,0.604310512141863,0.632385096077649,0.147741630349391,17,13,32,18,15,45
"320",0.161425066686781,-0.227950456118985,-0.253182610877208,0.422004269031525,0.523240895202726,0.29687237553097,15,9,14,18,15,45
"321",-2.7168139529892,-3.69225700089523,-1.30978005312755,0.67307708845744,0.780050461407606,0.301694589989498,0,0,4,18,15,35
"322",-1.74957872423155,-3.3541695995878,-1.21384732420801,0.486047020151911,0.706140295613946,0.269186455465863,3,0,4,18,15,33
"323",-1.53374589840265,-1.09708732826604,-0.687639895182217,0.428107298872924,0.478023152692158,0.236667395281515,2,7,5,18,15,27
"324",-1.95508382303478,-0.956410440879546,-0.73658497215217,0.519406391524094,0.484543414735312,0.256481750774485,0,8,8,18,15,45
"325",-1.77895393276013,-2.73135830246611,-0.871389046661207,0.493572328392598,0.633203035630737,0.310335227988182,2,1,6,18,15,27
"326",-0.248015598419854,-0.233822501607599,-0.14350667144534,0.362297445557791,0.514995974818114,0.258335900381252,12,9,12,18,15,31
"327",-2.68879081322027,-3.65239552753215,-1.27591732356158,0.664229086851265,0.767331396343323,0.285602096358975,0,0,5,18,15,39
"328",2.20936306664882,3.13133820858002,1.0498425073002,0.736681148529701,0.810342429176331,0.307447204277318,18,15,27,18,15,33
"329",0.730597468513989,0.821747940040575,0.474296845952791,0.534928968350531,0.592452344873749,0.25036473125718,16,11,25,18,15,37
"330",1.13392021702235,1.54289900798143,0.437879027785489,0.603351237103506,0.647950602723988,0.270841820376382,17,13,21,18,15,35
"331",0.684169606063245,0.0588818203633959,0.661625435376478,0.522484757763916,0.533808496496658,0.198709435861973,16,8,31,18,15,35
"332",0.197705186614535,0.587837609564198,0.244533415712686,0.431484128621453,0.583333001396397,0.295734462592317,14,11,23,18,15,37
"333",0.406203500730106,1.52285969099809,0.62622788717139,0.470278784405467,0.621700124595944,0.187620206795784,14,13,26,18,15,33
"334",0.733962549310388,0.266164522406869,0.0317037127805282,0.527500138151433,0.542061453808572,0.150353838803071,17,10,17,18,15,35
"335",-0.465766485014698,0.268195850787419,0.382851229020518,0.318890086651317,0.554260868134516,0.288893734703693,9,10,30,18,15,45
"336",0.504234241313228,1.06781744079455,0.425223219019445,0.495619354246415,0.612540674425683,0.278124713650677,15,12,22,18,15,33
"337",-1.05662428239135,0.368344864433932,-0.267291091681841,0.354227991405664,0.564977497611781,0.300642414100273,4,12,9,18,15,27
"338",0.178534746680752,0.0133007187929779,-0.281547661995074,0.426370061170863,0.54187567033364,0.301325387948346,15,10,9,18,15,31
"339",-0.698049606397403,0.0513946694419407,0.0522467027410812,0.30486243921356,0.525428816815995,0.185596235018232,7,10,17,18,15,27
"340",-0.723180215007732,0.192204393575341,-0.180381791392083,0.312309801224065,0.546679258210584,0.277769898496466,7,11,10,18,15,27
"341",-0.875697024097854,-0.957466528701238,-0.0526448290296173,0.338598934736973,0.472078314471828,0.175947930990177,6,6,17,18,15,35
"342",0.220102529386198,-0.526341699470849,0.10214215383124,0.430334376975404,0.496454065295729,0.231740417766829,15,7,18,18,15,27
"343",0.0859558759011044,-0.292261664441553,0.138641950079523,0.405698763058099,0.513040891219106,0.253802240561967,14,8,24,18,15,39
"344",-0.114937573712985,-0.611333333454779,0.0153346051265689,0.373634481587933,0.479953140388257,0.109813131018999,13,7,24,18,15,45
"345",0.0370608113129036,-0.769192639199924,0.11359297553329,0.396392773045949,0.485200062677015,0.240105562338575,14,6,19,18,15,27
"346",0.191951287951176,-1.96308028751765,-0.117130276303319,0.424521445203947,0.521416662861477,0.243032593419954,16,1,14,18,15,27
"347",-2.61322276209725,-3.22916591839742,-1.30227625082388,0.651689586729205,0.716293302559846,0.297698298677013,0,1,3,18,15,31
"348",-2.34832676528067,-3.2686420337581,-1.42676210738963,0.614042719384311,0.727090110582238,0.322708102729738,1,1,1,18,15,31
"349",-0.500336587522947,-0.73051375332646,-0.141406341519402,0.309061718148142,0.48586423709684,0.25597080194073,10,7,14,18,15,35
"350",-1.30590331388509,-0.952336130789462,-0.41689386040319,0.376984125606997,0.48375478163039,0.280204280477614,3,7,12,18,15,35
"351",0.714261855273619,0.240547468758644,-0.00897462509169394,0.523559248864175,0.539876377013908,0.154281814023757,17,10,12,18,15,27
"352",0.705008460692655,0.00769588367452034,0.0577109035154995,0.524840784323248,0.528481525915727,0.18435696330493,17,9,20,18,15,37
"353",0.112880829869981,0.415684002739735,-0.0209433727516364,0.406021095324994,0.548110857504919,0.157831961163629,14,11,12,18,15,27
"354",1.57426518492428,1.16808704077762,0.763052228737681,0.660744329602162,0.63378924356605,0.282047599479874,18,11,24,18,15,27
"355",-0.680521517842314,0.0347610614902882,-0.486802281075499,0.303171480834338,0.531657104575573,0.244405533728744,8,11,8,18,15,35
"356",0.0744569974506021,-0.10653071548642,0.0207388877075325,0.399025547986866,0.513681849797324,0.155759250118359,14,9,15,18,15,27
"357",0.579529577755999,-0.285077292492909,0.510286127415344,0.503124744217415,0.511662895147221,0.229031115040259,16,7,26,18,15,33
"358",-0.318794172942823,-0.399300281501816,-0.467802114674011,0.351264376920461,0.5050562293503,0.257579393621337,12,9,9,18,15,33
"359",-0.825947831495964,-0.528143846685472,-0.595085397050108,0.330986578807461,0.488146485292315,0.178836520550177,7,9,7,18,15,33
"360",0.398726271504832,0.883122571603568,0.168347144639706,0.474470014570588,0.600697992756102,0.271761915739598,15,12,18,18,15,31
"361",-2.57123039304111,-3.48364481918747,-1.12096254593928,0.641402556791731,0.738914472856515,0.283303627624035,0,0,7,18,15,39
"362",-1.06944256212632,-0.513689461409326,0.0089052154899064,0.348666824387871,0.484690263880983,0.117110331669091,4,8,20,18,15,35
"363",0.205915389895195,-0.350817751888645,-0.0151014279478107,0.422120293007148,0.495578421955676,0.1254456813462,15,8,16,18,15,35
"364",0.136761193961678,0.464933733144347,0.056640943349994,0.412650741426916,0.556776508194148,0.1918304747666,14,11,15,18,15,27
"365",-0.661024016636972,-0.316593963874041,-0.19402908239097,0.300931294772721,0.511467489517997,0.282238607935096,8,9,12,18,15,31
"366",0.61398776981554,-0.313698981802704,-0.0581617244601293,0.505939098833293,0.504169094242485,0.180220420207041,17,8,17,18,15,45
"367",1.46375643122658,1.04628428788243,0.61411930380611,0.630422852041484,0.601145137143913,0.188372665923714,18,11,24,18,15,31
"368",-0.846176739272117,0.906736750465303,0.0722183342912432,0.335384032149809,0.58375642386818,0.206629643812947,5,13,16,18,15,27
"369",1.10332386681255,1.232453579656,0.498961729021507,0.594748612249346,0.621933423823112,0.249677514694738,17,12,19,18,15,27
"370",-0.185237376175593,0.353092397489189,-0.0440435539401309,0.36815389948429,0.544307707148722,0.171338552402808,12,11,14,18,15,33
"371",-0.822385915005436,-0.249582670434335,-0.0045784242087556,0.329820966376642,0.500605220953921,0.129862282059687,6,9,18,18,15,33
"372",0.0791998286271903,0.118671924280054,-0.0477650496724807,0.39999470729361,0.529113696755772,0.167838483339304,14,10,15,18,15,39
"373",1.45398456229489,1.95783881104736,0.903561896025888,0.656609462689901,0.69730419680489,0.308674333224487,17,13,30,18,15,35
"374",0.846469584500642,1.2469943075396,0.598150022788231,0.549865195203726,0.607743561687966,0.183375356184637,16,12,25,18,15,33
"375",0.904363465638459,-0.182453999182673,0.626114401219085,0.554388881852898,0.513859886765642,0.166266361214137,17,7,30,18,15,35
"376",1.1159387304316,1.51861775518824,0.408171719125143,0.603584413763751,0.6508602302448,0.285333086342486,17,13,20,18,15,33
"377",0.58493185750138,0.370463323583255,0.256247612130258,0.513810483233698,0.572210305741413,0.298383652278304,16,10,20,18,15,31
"378",0.640349468090779,0.450026911662892,0.379618016914673,0.522487077165531,0.575417681563029,0.290376494997856,16,10,25,18,15,39
"379",1.15426064536038,1.29917316943542,0.585476412260167,0.591907576363099,0.60957051295845,0.166417140950032,17,12,25,18,15,35
"380",0.713453369958143,0.554585586064602,0.541062456515217,0.526568713944553,0.56574904904922,0.197912689025822,16,10,27,18,15,37
"381",1.59639341048845,1.74138077207088,0.578688223575614,0.650545218091662,0.651945892251212,0.217946596909792,18,13,19,18,15,27
"382",1.45997397499415,0.788094905511004,0.706042721391693,0.640873456239383,0.599680929062329,0.253206738332333,18,10,24,18,15,27
"383",-0.0200308187535097,0.206960093542002,0.141647970121449,0.390624251195323,0.549081713069832,0.261662430097958,13,10,18,18,15,27
"384",0.0823917908949205,0.12511913819489,-0.0367444348125087,0.40076890390531,0.530082671433724,0.171192537472854,14,10,12,18,15,27
"385",0.498225375568578,0.24593413920686,0.0630723795176066,0.487550433080308,0.544561080948382,0.190444357179162,16,10,20,18,15,37
